"Read","Type_Of_Document","Document_Desc"
"Yes","test-2","test-2"
"Yes","test-3","test-3"
"Yes","test-4","test-4"
"Yes","test-5","test-5"
"Yes","test-6","test-6"
"Yes","test-7","test-7"
"Yes","test-8","test-8"
"Yes","test-9","test-9"
"Yes","test-10","test-10"
"Yes","test-11","test-11"
"Yes","test-12","test-12"
"Yes","test-13","test-13"
"Yes","test-14","test-14"
"Yes","test-15","test-15"
"Yes","test-16","test-16"
"Yes","test-17","test-17"
"Yes","test-18","test-18"
"Yes","test-19","test-19"
"Yes","test-20","test-20"
"Yes","test-21","test-21"
"Yes","test-22","test-22"
"Yes","test-23","test-23"
"Yes","test-24","test-24"
"Yes","test-25","test-25"
"Yes","test-26","test-26"
"Yes","test-27","test-27"
"Yes","test-28","test-28"
"Yes","test-29","test-29"
"Yes","test-30","test-30"
"Yes","test-31","test-31"
"Yes","test-32","test-32"
"Yes","test-33","test-33"
"Yes","test-34","test-34"
"Yes","test-35","test-35"
"Yes","test-36","test-36"
"Yes","test-37","test-37"
"Yes","test-38","test-38"
"Yes","test-39","test-39"
"Yes","test-40","test-40"
"Yes","test-41","test-41"
"Yes","test-42","test-42"
"Yes","test-43","test-43"
"Yes","test-44","test-44"
"Yes","test-45","test-45"
"Yes","test-46","test-46"
"Yes","test-47","test-47"
"Yes","test-48","test-48"
"Yes","test-49","test-49"
"Yes","test-50","test-50"
"Yes","test-51","test-51"
"Yes","test-52","test-52"
"Yes","test-53","test-53"
"Yes","test-54","test-54"
"Yes","test-55","test-55"
"Yes","test-56","test-56"
"Yes","test-57","test-57"
"Yes","test-58","test-58"
"Yes","test-59","test-59"
"Yes","test-60","test-60"
"Yes","test-61","test-61"
"Yes","test-62","test-62"
"Yes","test-63","test-63"
"Yes","test-64","test-64"
"Yes","test-65","test-65"
"Yes","test-66","test-66"
"Yes","test-67","test-67"
"Yes","test-68","test-68"
"Yes","test-69","test-69"
"Yes","test-70","test-70"
"Yes","test-71","test-71"
"Yes","test-72","test-72"
"No","test-73","test-73"
"No","test-74","test-74"
"No","test-75","test-75"
"No","test-76","test-76"
"No","test-77","test-77"
"No","test-78","test-78"
"No","test-79","test-79"
"No","test-80","test-80"
"No","test-81","test-81"
"No","test-82","test-82"
"No","test-83","test-83"
"No","test-84","test-84"
"No","test-85","test-85"
"No","test-86","test-86"
"No","test-87","test-87"
"No","test-88","test-88"
"No","test-89","test-89"
"No","test-90","test-90"
"No","test-91","test-91"
"No","test-92","test-92"
"No","test-93","test-93"
"No","test-94","test-94"
"No","test-95","test-95"
"No","test-96","test-96"
"No","test-97","test-97"
"No","test-98","test-98"
"No","test-99","test-99"
"No","test-100","test-100"
"No","test-101","test-101"
"No","test-102","test-102"
"No","test-103","test-103"
"No","test-104","test-104"
"No","test-105","test-105"
"No","test-106","test-106"
"No","test-107","test-107"
"No","test-108","test-108"
"No","test-109","test-109"
"No","test-110","test-110"
"No","test-111","test-111"
"No","test-112","test-112"
"No","test-113","test-113"
"No","test-114","test-114"
"No","test-115","test-115"
"No","test-116","test-116"
"No","test-117","test-117"
"No","test-118","test-118"
"No","test-119","test-119"
"No","test-120","test-120"
"No","test-121","test-121"
"No","test-122","test-122"
"No","test-123","test-123"
"No","test-124","test-124"
"No","test-125","test-125"
"No","test-126","test-126"
"No","test-127","test-127"
"No","test-128","test-128"
"No","test-129","test-129"
"No","test-130","test-130"
"No","test-131","test-131"
"No","test-132","test-132"
"No","test-133","test-133"
"No","test-134","test-134"
"No","test-135","test-135"
"No","test-136","test-136"
"No","test-137","test-137"
"No","test-138","test-138"
"No","test-139","test-139"
"No","test-140","test-140"
"No","test-141","test-141"
"No","test-142","test-142"
"No","test-143","test-143"
"No","test-144","test-144"
"No","test-145","test-145"
"No","test-146","test-146"
"No","test-147","test-147"
"No","test-148","test-148"
"No","test-149","test-149"
"No","test-150","test-150"
"No","test-151","test-151"
"No","test-152","test-152"
"No","test-153","test-153"
"No","test-154","test-154"
"No","test-155","test-155"
"No","test-156","test-156"
"No","test-157","test-157"
"No","test-158","test-158"
"No","test-159","test-159"
"No","test-160","test-160"
"No","test-161","test-161"
"No","test-162","test-162"
"No","test-163","test-163"
"No","test-164","test-164"
"No","test-165","test-165"
"No","test-166","test-166"
"No","test-167","test-167"
"No","test-168","test-168"
"No","test-169","test-169"
"No","test-170","test-170"
"No","test-171","test-171"
"No","test-172","test-172"
"No","test-173","test-173"
"No","test-174","test-174"
"No","test-175","test-175"
"No","test-176","test-176"
"No","test-177","test-177"
"No","test-178","test-178"
"No","test-179","test-179"
"No","test-180","test-180"
"No","test-181","test-181"
"No","test-182","test-182"
"No","test-183","test-183"
"No","test-184","test-184"
"No","test-185","test-185"
"No","test-186","test-186"
"No","test-187","test-187"
"No","test-188","test-188"
"No","test-189","test-189"
"No","test-190","test-190"
"No","test-191","test-191"
"No","test-192","test-192"
"No","test-193","test-193"
"No","test-194","test-194"
"No","test-195","test-195"
"No","test-196","test-196"
"No","test-197","test-197"
"No","test-198","test-198"
"No","test-199","test-199"
"No","test-200","test-200"
